COVID-19,"Clean your hands often","Use soap and water, or an alcohol-based hand rub.This eliminates germs including viruses that may be on your hands","Maintain a safe distance from anyone who is coughing or sneezing","Wear a mask when physical distancing is not possible","Don't touch your eyes, nose or mouth","Cover your nose and mouth with your bent elbow or a tissue when you cough or sneeze","Stay home if you feel unwell","If you have a fever, cough and difficulty breathing, seek medical attention",,,,,,,,,,,,,,,,,,,,,,,,,,,,,,,,,,,,,,,,,,,,,,,,,,,,,,,,,,,,,,,,,,
Drug Reaction,"Try healthy choices for fast foods (salads, grilled chicken burgers, smoothies) if you don't like to cook","Eat a variety of foods from all the food groups (fruits/vegetables, grains, dairy and meat or alternatives)","Eat breakfast and try not to skip other meals","Slowly cut back to drinking less than two cups of caffeinated coffee, tea or pop a day","Limit sugar and sweets","Drink plenty of water","Take multivitamins(talk to your health care provider about the options)","Enjoy some form of activity every day","Learn new ways to deal with stress and anxiety","Seek support(counsellors can help with this)","Talk to a dietitian for advice on nutrients, how to manage symptoms such as constipation and diarrhea, and for low-cost eating tip",,,,,,,,,,,,,,,,,,,,,,,,,,,,,,,,,,,,,,,,,,,,,,,,,,,,,,,,,,,,,,,
Malaria,"Drink plenty of water and fluids - coconut water, juices are good - to keep the body well-hydrated. This will also help flush the parasites out from the body quickly","Drink boiled water only","Eat a healthy diet rich in fresh fruits and vegetables. They are rich in nutrients and can help detox the body and help you recover fast","Add foods such as carrot, beetroots, papaya, fruits especially citrus fruits - orange, berries, lemon - that are rich in vitamins B and C to boost immunity","Opt for a high protein diet with a combination of carbohydrates to keep your body healthy and functioning. This will also help in protein utilisation for anabolic and tissue building purposes. You can eat in the form of dal and rice combinations, chapattis with sprouts/dals, dairy products, etc. For non-vegetarians, eggs, meat and poultry are good choices","Include omega-3 fatty acids in your diet to help reduce inflammation in the body","Avoid or limit your fat intake. Excess fat in your diet can aggravate nausea, impair digestion, which may lead to diarrhoea",,,,,,,,,,,,,,,,,,,,,,,,,,,,,,,,,,,,,,,,,,,,,,,,,,,,,,,,,,,,,,,,,,,
Allergy,"Avoid your allergens,Take your medicines as prescribed,""Keep a diary. Track what you do, what you eat, when symptoms occur and what seems to help.","Wear a medical alert bracelet (or necklace)","Know what to do during an allergic reaction",,,,,,,,,,,,,,,,,,,,,,,,,,,,,,,,,,,,,,,,,,,,,,,,,,,,,,,,,,,,,,,,,,,,,
Hypothyroidism,"There is no specific hypothyroidism diet. Eating a low-fat diet with a good balance of fruits, vegetables, lean protein (fish, poultry, lean meat), dairy, and whole grains is a good strategy for everyone to follow","You also want to balance your calorie intake. Portion control is essential to preventing weight gain.","Hypothyroidism slows your metabolism, and you can put on a few pounds unless you burn off more calories than you take in each day. Talk to your doctor or work with a dietitian to figure out how many calories you should eat each day, and what foods will help you feel your best.","Hypothyroidism does come with a few dietary restrictions. First, you want to avoid high-fat, processed, and sugary foods that can contribute to weight gain.","Also limit salt to no more than 2,300 milligrams daily. Too much salt can raise your blood pressure, which is already a risk when your thyroid is underactive.",,,,,,,,,,,,,,,,,,,,,,,,,,,,,,,,,,,,,,,,,,,,,,,,,,,,,,,,,,,,,,,,,,,,,�
Psoriasis,"Consuming high amounts of fruits and vegetables","Limiting grains, meat, seafood, dairy, and eggs","Completely avoiding red meat, nightshades, citrus fruits, processed foods, and more",,,,,,,,,,,,,,,,,,,,,,,,,,,,,,,,,,,,,,,,,,,,,,,,,,,,,,,,,,,,,,,,,,,,,,,
GERD,"Take antacids and other medications that reduce acid production. (Overuse can cause negative side effects.)","Maintain a healthy weight.,Chew gum that isn't peppermint or spearmint flavored","Avoid alcohol","Stop Smoking","Donot overeat and eat slowly","Remain upright for at least two hours after eating","Avoid tight clothing","Don't eat for three to four hours before going to bed","Raise the head of your bed 4 to 6 inches to redduce reflux symptoms while sleeping",,,,,,,,,,,,,,,,,,,,,,,,,,,,,,,,,,,,,,,,,,,,,,,,,,,,,,,,,,,,,,,,
Chronic cholestasis,"It is important for women to drink water. Water helps to flush toxins out of the body and helps the body systems work more efficiently","Avoid sugars and highly refined foods, such as white bread and corn syrup.","Avoid soy products,processed meats,full-fat dairy produce",,,,,,,,,,,,,,,,,,,,,,,,,,,,,,,,,,,,,,,,,,,,,,,,,,,,,,,,,,,,,,,,,,,,
Hepatitis A,"Always wash your hands thoroughly after using the restroom and when you come in contact with an infected person's blood, stools, or other bodily fluid.","Avoid unclean food and water","Avoid unclean food and water","Avoid raw shellfish","Beware of sliced fruit that may have been washed in contaminated water. Travelers should peel all fresh fruits and vegetables themselves.","DO NOT buy food from street vendors","Use only carbonated bottled water for brushing teeth and drinking in areas where the water may be unsafe","If no water is available, boiling water is the best method for eliminating Hepatitis A"." Bringing the water to a full boil for at least 1 minute generally makes it safe to drink.","Heated food should be hot to the touch and eaten right away",,,,,,,,,,,,,,,,,,,,,,,,,,,,,,,,,,,,,,,,,,,,,,,,,,,,,,,,,,,,,,,,,
Osteoarthristis,"Keep a healthy body weight","Control your blood sugar","Be active every day","Prevent injury to your joints","Pay attention to pain,Stay active","Eat a balanced diet","Being overweight puts undue strain on weight-bearing joints such as your knees, spine, hips, ankles, and feet. Losing weight can ease symptoms of arthritis.","Sleep well,Keep pain under control","Talk to your doctor about supplements and complementary medicine","Try splints, braces, and other aids","Seek support","Stay positive",,,,,,,,,,,,,,,,,,,,,,,,,,,,,,,,,,,,,,,,,,,,,,,,,,,,,,,,,,,,
(vertigo) Paroymsal  Positional Vertigo,"Be aware of your surroundings,avoid placing yourself at risk","Losing your balance is always a possibility","Take a seat whenever you feel dizzy,Sitting down during a dizzy spell can help you avoid falling","You should also take precautions such as having good lighting around your home and using a cane for stability",,,,,,,,,,,,,,,,,,,,,,,,,,,,,,,,,,,,,,,,,,,,,,,,,,,,,,,,,,,,,,,,,,,,
Hypoglycemia,"Monitor your blood sugar,Don't skip or delay meals or snacks","Measure medication carefully, and take it on time","Adjust your medication or eat additional snacks if you increase your physical activity","Eat a meal or snack with alcohol, if you choose to drink","Record your low glucose reactions","Carry some form of diabetes identification so that in an emergency others will know that you have diabetes",,,,,,,,,,,,,,,,,,,,,,,,,,,,,,,,,,,,,,,,,,,,,,,,,,,,,,,,,,,,,,,,,,,
Acne,"Properly wash your fac"e,"To wash your face: Wet your face with warm, not hot, water.Apply a mild cleanser in a gentle, circular motion using your fingers, not a washcloth.Rinse thoroughly, and pat dry.","Know your skin type,Moisturize skin,Use over-the-counter acne treatments,Stay hydrated,Limit makeup,Don�t touch your face,"Limit sun exposure,Don't be a pimple popper","Try tea tree oil,Use antibiotics","Reduce stress",,,,,,,,,,,,,,,,,,,,,,,,,,,,,,,,,,,,,,,,,,,,,,,,,,,,,,,,,,,,,
Diabetes,"Make a commitment to managing your diabetes","Don't smoke","Keep your blood pressure and cholesterol under control","Schedule regular physicals and eye exams","Keep your vaccines up to date","Take care of your teeth","Pay attention to your feet","Consider a daily aspirin","If you drink alcohol, do so responsibly","Take stress seriously",,,,,,,,,,,,,,,,,,,,,,,,,,,,,,,,,,,,,,,,,,,,,,,,,,,,,,,,,,,,,,,,
Impetigo,"Don't share flannels, sheets or towels with anyone who has impetigo  wash them at a high temperature after use","Wash the sores with soap and water and cover them loosely with a gauze bandage or clothing","Avoid touching or scratching the sores, or letting others touch them  it may help to ensure your nails are kept clean and short","Avoid contact with newborn babies, preparing food, playing contact sports, or going to the gym  until the risk of infection has passed","Wash your hands frequently particularly after touching infected skin","Washable toys should also be washed wipe non-washable soft toys thoroughly with a cloth that has been wrung out in detergent and warm water and allowed to dry completely",,,,,,,,,,,,,,,,,,,,,,,,,,,,,,,,,,,,,,,,,,,,,,,,,,,,,,,,,,,,,,,,,,,,
Hypertension,"Lose extra pounds and watch your waistline","Exercise regularly","Eat a healthy diet","Reduce sodium in your diet","Limit the amount of alcohol you drink","Quit smoking","Cut back on caffeine","Reduce your stress","Monitor your blood pressure at home and see your doctor regularly",,,,,,,,,,,,,,,,,,,,,,,,,,,,,,,,,,,,,,,,,,,,,,,,,,,,,,,,,,,,,,,,,
Peptic ulcer disease,"Having 5 small easily digestible meals a day at proper intervals is a key to good digestive health","Eating slowly without talking and chewing the food properly also improves digestion"," Breathing exercises and yoga can bring relief from bloating, flatulence and other symptoms of indigestion and intestinal gas.","Drinking 2-3 glasses of luke warm water first thing in the morning","Non glutenous grains, non citric fruits and vegetables, high fiber and lean protein meats are the best choices.","Fruits & vegetables: Fruits (stewed apple, banana, papaya, pomegranate, pear, melons (water melon, musk melon) and vegetables (all gourds, ladies finger, tinda, green leafy vegetables (indian spinach, fenugreek leaves, corriander leaves","Meat, Fish & Poultry","Milk & Milk products","Cereals & Pulses",,,,,,,,,,,,,,,,,,,,,,,,,,,,,,,,,,,,,,,,,,,,,,,,,,,,,,,,,,,,,,,,,
Dimorphic hemorrhoids(piles),"Dietary changes by adding more fibre in the diet through whole grain like barley, quinoa, brown rice, rye, oats and legumes etc.","Adding a variety of fruits and vegetables like broccoli, cauliflower, kale, cabbage, zucchini, pumpkin, bell peppers, cucumber etc. Fruits like melon, pear, apple raspberries, banana and prunes.","Drinking adequate water will also prevent constipation","Lead a physically active life, and involved in regular physical activity for a minimum of 30 minutes a day","Don't wait when one get an urge to use the washroom or strain during bowel movement","Maintain a healthy weight","For faster relief, sit in a warm bath or use an ice pack or hemorrhoids cream.",,,,,,,,,,,,,,,,,,,,,,,,,,,,,,,,,,,,,,,,,,,,,,,,,,,,,,,,,,,,,,,,,,,
Common Cold,"Moderate amounts of healthy oils such as olive oil,Lean protein,Whole grains","Some fruit, but not too much","Lots of vegetables, herbs, and spices","Avoid consumption of packed foods","Avoid over eating","Drink plenty of water","Do not skip meal",,,,,,,,,,,,,,,,,,,,,,,,,,,,,,,,,,,,,,,,,,,,,,,,,,,,,,,,,,,,,,,,,
Chicken pox,"All home-cooked meal is essential","Eat foods like wheat, fresh fruits, green leafy vegetables, milk, plenty of water, buttermilk, sprouts","Some herbs like turmeric and garlic (as they boost the immunity)","Eggs, chicken, fish, beef, turkey and liver all have good amounts of Lysine which can speed healing","Natural apple cider vinegar given with food in small amounts helps to aid digestion of nutrients","Eat plenty of vegetables of varying colours (each colour has its own health benefits) and non-acidic fruits","Natural yogurt and kefir are a good source of lysine as well as being full of probiotics","Beef tea made with bones","Chicken soup made from a whole chicken, boiled for several hours till it falls apart (organic or at least raised without antibiotics) with veggies",,,,,,,,,,,,,,,,,,,,,,,,,,,,,,,,,,,,,,,,,,,,,,,,,,,,,,,,,,,,,,,,,
Cervical spondylosis,"Keeping your body hydrated is the key to keep it healthy","Eating 2-3 cloves of garlic in the morning along with the application of garlic oil can provide a fast relief from neck pain","Apple, garlic, ginger, and turmeric are anti-inflammatory.","Foods with abundant Omega 3 and Vitamin E such as oil seeds, nuts and fish may also be helpful combat joint inflammation.","Consume lemon juice three times a day along with a pinch of rock salt","Replace rice with wheat and add more bitter vegetables like bitter gourd and drumstick in regular meals","Fresh green and leafy vegetables should be taken. Salad should be always included in the meals. Spinach, carrot and beet juices should also be taken",,,,,,,,,,,,,,,,,,,,,,,,,,,,,,,,,,,,,,,,,,,,,,,,,,,,,,,,,,,,,,,,,,,
Hyperthyroidism,"Add these foods to your daily diet:non-iodized salt,coffee or tea (without milk or dairy- or soy-based creamers),egg whites,fresh or canned fruit,unsalted nuts and nut,butters,homemade bread or breads made without salt, dairy, and eggs,popcorn with non-iodized salt,oats,potatoes,honey,maple syrup","Avoid other foods high in iodine:milk and dairy,cheese,egg yolks,iodized salt,iodized water,some food colorings","Medications also contain iodine",,,,,,,,,,,,,,,,,,,,,,,,,,,,,,,,,,,,,,,,,,,,,,,,,,,,,,,,,,,,,,,,,,,,,,,
Urinary tract infection,"Drink a lot of water, even if you are not thirsty. This will help flush out the bacteria.","Drink a shot of sugar-free cranberry juice, if you like it","Eat blueberries,eat probiotics  plain Greek yogurt and fermented food such as sauerkraut and pickles",,,,,,,,,,,,,,,,,,,,,,,,,,,,,,,,,,,,,,,,,,,,,,,,,,,,,,,,,,,,,,,,,,,,,,
Varicose veins,"Eat a Low-Calorie Diet","Eat Some Bioflavinoids","Avoid Salt","Drink More Water","Try to Avoid BPA","Avoid Potentially Constipating Foods",,,,,,,,,,,,,,,,,,,,,,,,,,,,,,,,,,,,,,,,,,,,,,,,,,,,,,,,,,,,,,,,,,,,
AIDS,"Eating a diet high in vegetables, fruits, whole grains, and legumes","Choosing lean, low-fat sources of protein.","Limiting sweets, soft drinks, and foods with added sugar","Including proteins, carbohydrates, and a little good fat in all meals and snacks.",,,,,,,,,,,,,,,,,,,,,,,,,,,,,,,,,,,,,,,,,,,,,,,,,,,,,,,,,,,,,,,,,,,,,,
Paralysis (brain hemorrhage),"Foods to be used in limited amounts; higher in carbohydrate, but necessary to a balanced diet.","Vegetables which contain carbohydrate, in small amounts. These vegetables are necessary in the diet to furnish minerals, vitamins, and fiber.","Foods that may be used as desired. These are high in protein","Foods to omit from the diet; foods high in carbohydrate and salt",,,,,,,,,,,,,,,,,,,,,,,,,,,,,,,,,,,,,,,,,,,,,,,,,,,,,,,,,,,,,,,,,,,,,,
Typhoid,"Drinking bottled water or boiling water before consuming it","Opting for small, frequent meals.","Avoiding foods and beverages from the street vendors","Cereals: Properly cooked white rice, white bread","Vegetables: Properly cooked and mashed Potatoes, Carrots, Ashguard, Carrots","Fruits: Banana(small),Orenges and Apple( Without skin),Tender Coconut water","Milk and Milk products: Yoghurt, Buttermilk.",,,,,,,,,,,,,,,,,,,,,,,,,,,,,,,,,,,,,,,,,,,,,,,,,,,,,,,,,,,,,,,,,,,
Hepatitis B,"Know the HBV status of any sexual partner","Use a new latex or polyurethane condom every time you have sex","Don't use illegal drugs","Be cautious about body piercing and tattooing,Ask about the Hepatitis B vaccine before you travel",,,,,,,,,,,,,,,,,,,,,,,,,,,,,,,,,,,,,,,,,,,,,,,,,,,,,,,,,,,,,,,,,,,,,
Fungal infection,"Diet low in sugar, yeast, refined carbohydrates, and mold-containing foods.","Probiotics from yogurt, fermented foods, or supplements.","Non-prescription antifungals, such as oil of oregano, garlic, and grapefruit seed extract","Prescription anti-fungal medications(recommended by some practitioners",,,,,,,,,,,,,,,,,,,,,,,,,,,,,,,,,,,,,,,,,,,,,,,,,,,,,,,,,,,,,,,,,,,,,,
Hepatitis C,"Wear gloves because gloves will not protect the hands from coming into contact with the blood","Carefully remove any sharp pieces, such as broken glass, and put them in a sturdy plastic container like one used for detergents.","Wipe up the blood using paper towel or disposable rags and cloths.,Disinfect the area with a solution of at 1 part bleach to 9 parts water.","Wipe up the bleach solution using paper towel or disposable rags and cloths","Dispose of the gloves, paper towel, rags and cloths into a durable bag.","Wash hands thoroughly",,,,,,,,,,,,,,,,,,,,,,,,,,,,,,,,,,,,,,,,,,,,,,,,,,,,,,,,,,,,,,,,,,,
Migraine,"Orange, yellow, and green vegetables, such as summer squash, sweet potatoes, carrots, and spinach","Carbonated, spring, or tap water","rice, especially brown rice","dried or cooked fruits, particularly non-citrus kinds such as cherries and cranberries","natural sweeteners or flavors, such as maple syrup and vanilla extract",,,,,,,,,,,,,,,,,,,,,,,,,,,,,,,,,,,,,,,,,,,,,,,,,,,,,,,,,,,,,,,,,,,,,
Bronchial Asthma,"Beta carotene-rich vegetables, such as carrots and leafy greens","Magnesium-rich foods, such as spinach and pumpkin seeds",,,,,,,,,,,,,,,,,,,,,,,,,,,,,,,,,,,,,,,,,,,,,,,,,,,,,,,,,,,,,,,,,,,,,,,
Alcoholic hepatitis,"Alcohol use must be stopped,care should be taken to ensure good nutrition,providing supplemental vitamins and minerals","Including folate and thiamine, is reasonable","Patients who are coagulopathic should receive vitamin K parenterally","Grains, fruits, vegetables, meat and beans, milk, and oil.",,,,,,,,,,,,,,,,,,,,,,,,,,,,,,,,,,,,,,,,,,,,,,,,,,,,,,,,,,,,,,,,,,,,
Jaundice","Drink at least eight glasses of fluids per day. Water and herbal tea are excellent options","Consider adding milk thistle to your routine. You can prepare a fresh tea or eat the seeds as a snack.","Opt for fruits like papaya and mango, which are rich in digestive enzymes.","Eat at least 2 1/2 cups of veggies and 2 cups of fruit per day","Look for high-fiber foods, such as oatmeal, berries, and almonds.",,,,,,,,,,,,,,,,,,,,,,,,,,,,,,,,,,,,,,,,,,,,,,,,,,,,,,,,,,,,,,,,,,,,,
Hepatitis E,"Regular low calorie meals containing protein (such as meat, fish or beans), starch (such as bread, potatoes or rice)","Vitamins (in fruit and vegetables) is the best approach","Try to take gentle exercise such as a regular walk or a gentle swim",,,,,,,,,,,,,,,,,,,,,,,,,,,,,,,,,,,,,,,,,,,,,,,,,,,,,,,,,,,,,,,,,,,,,,,
Dengue,"Easily digestible food e.g boiled food, green vegetables, banana, apple, soups, porridge, and herbal tea.","Lots of fluids, to regain electrolyte and prevent dehydration. E.g fresh juices, coconut water, Oral Rehydration Solution (ORS)","Consumption of food with Vitamin C acts as a natural cure for dengue fever as it promotes antibodies for faster healing and recovery e.g amla, papaya, and orange juice.","Food that increases the platelet count and blood count pomegranate juice or black grape juice, green leafy vegetables (boiled), cod liver oil, flaxseed oil, fresh fruits","Anyone suffering from dengue should avoid spicy food, foods with saturated fats, processed food, sugary and aerated drinks, absolutely avoid raw vegetable.",,,,,,,,,,,,,,,,,,,,,,,,,,,,,,,,,,,,,,,,,,,,,,,,,,,,,,,,,,,,,,,,,,,,,
Hepatitis D,"Plenty of fruits and vegetables","Whole grains such as oats, brown rice, barley, and quinoa","Lean protein such as fish, skinless chicken, egg whites, and beans.","Low-fat or non-fat dairy products","Healthy fats like those in nuts, avocados, and olive oil.",,,,,,,,,,,,,,,,,,,,,,,,,,,,,,,,,,,,,,,,,,,,,,,,,,,,,,,,,,,,,,,,,,,,,
Heart attack,"Choose reduced fat and unflavoured milk, yoghurt and cheese??","Consume less than seven eggs per week?","Include 2-3 grams of plant sterols per day from fortified food products (special varieties of margarine, milk, yogurt and breakfast cereals) to assist in lowering LDL cholesterol levels?","If you consume red meat?(like beef, pork,?veal and lamb)  eat no more than 350g per week",,,,,,,,,,,,,,,,,,,,,,,,,,,,,,,,,,,,,,,,,,,,,,,,,,,,,,,,,,,,,,,,,,,,,,
Pneumonia,"Freshly made smoothies, milk shakes and should try to give light meals containing lean meat, fishes and boiled vegetables","Some doctors also suggest to keep the patient on a liquid meal supplement in case of loss of appetite","Commonly advised liquid meal supplement would be Ensure or Fresubin or ask for any other high - energy liquid meal supplement.","It is advisable to serve this liquid supplement cold as it is more acceptable to the patient with loss of appetite","Including vitamin and mineral supplements during recovery is also helpful and beneficial for the patient",,,,,,,,,,,,,,,,,,,,,,,,,,,,,,,,,,,,,,,,,,,,,,,,,,,,,,,,,,,,,,,,,,,,,
Arthritis,"Foods to eat if you have arthritis i.e,Fatty Fish,Garlic,Ginger,Broccoli,Walnuts,Berries,Spinach,Grapes,Olive Oil,Tart Cherry Juice",,,,,,,,,,,,,,,,,,,,,,,,,,,,,,,,,,,,,,,,,,,,,,,,,,,,,,,,,,,,,,,
Gastroenteritis,"High-fiber foods, such as whole grains, fruits, vegetables, and beans","low-fat foods, such as fish, lean meats, and vegetables","foods with low acidity, including vegetables and beans","Non-carbonated drinks,caffeine-free drinks",,,,,,,,,,,,,,,,,,,,,,,,,,,,,,,,,,,,,,,,,,,,,,,,,,,,,,,,,,,,,,,,,,,,,
Tuberculosis,"Cereals, millets and pulses","Vegetables and fruits","Milk and milk products, meat, eggs & fish","Oils, fats and nuts and oils seeds.",,,,,,,,,,,,,,,,,,,,,,,,,,,,,,,,,,,,,,,,,,,,,,,,,,,,,,,,,,,,,,,,,,,,,,
