itching,scratching,"An itch, also known as pruritus, is a general sensation arising from the irritation of skin cells or nerve cells associated with the skin."
skin_rash,skin wound by itching,"A rash is an area of irritated or swollen skin. Many rashes are itchy, red, painful, and irritated. Some rashes can also lead to blisters or patches of raw skin."
nodal_skin_eruptions,hard lump in the skin,Dermatologists use nodules as a general term to describe any lump underneath the skin that's at least 1 centimeter in size.
continuous_sneezing,involuntarily expel of air from nose and mouth,Sneezing (sternutation) is the act of expelling a sudden and uncontrollable burst of air through the nose and mouth.
shivering,shaking,A constant abnormal twitching of various muscles in the humans that is probably due to sensory nerve derangement.
chills,"cold, frost","Chills is a feeling of coldness occurring during a high fever, but sometimes is also a common symptom which occurs alone in specific people."
joint_pain,inflammation of joints,"Joint pain is  discomfort, pain or inflammation arising from any part of a joint  including cartilage, bone, ligaments, tendons or muscles."
stomach_pain,discomfort in Stomach ,"Abdominal pain is pain that occurs between the chest and pelvic regions. Abdominal pain can be crampy, achy, dull, intermittent or sharp. It's also called a stomachache."
acidity,the level of acid in substance,"Acidity is a common condition that features a burning pain, in the lower chest area. It happens when stomach acid flows back up into the food pipe."
ulcers_on_tongue,sore accompanied by disintegration of surrounding tissue,Tongue ulcers are open sores or cuts on the tongue. Tongue ulcers can be painful and raw and can be irritated by eating and drinking.
muscle_wasting,loss of muscle,Muscle wasting is a loss of muscle mass due to the muscles weakening and shrinking.
vomiting,throw up,Vomiting is a forceful discharge of stomach contents. It can be a one-time event linked to something that doesn't settle right in the stomach.
burning_micturition,Burning with urination,Burning micturition is usually felt in the tube that carries urine out of your bladder or the area surrounding your genitals (perineum).
spotting_urination,vaginal bleeding,Spotting is defined as light vaginal bleeding that happens outside of your regular periods. Spotting Urination involves small amounts of blood in urin.
fatigue,weariness,"Fatigue is a vague feeling of being tired, weak, or exhausted. Extreme tiredness resulting from mental or physical exertion or illness."
weight_gain,Incearse in weight,"Weight gain is an increase in body weight. This can involve an increase in muscle mass, fat deposits, excess fluids such as water or other factors."
anxiety,"fear, worry, Solicitude","Anxiety is an emotion characterized by feelings of tension, worried thoughts and physical changes like increased blood pressure. "
cold_hands_and_feets,dumbness of hand and feets,"It makes your fingers and body feel cold or numb. It results from the narrowing of arteries in your hands or feet, which stops the blood from having normal circulation."
mood_swings,rapidly and intensely fluctuating emotions,"People often describe mood swings as a roller coaster of feelings from happiness and contentment to anger, irritability, and even depression."
weight_loss,decrease in weight,"It is the reduction of the total body mass, by a mean loss of fluid, body fat, or lean mass. Intentional weight loss is commonly referred to as slimming."
restlessness,"uneasiness, nervousness","An inability to achieve relaxation; a feeling of mild mental discomfort. Restlessness is frequently an early, subtle sign of a patient's deterioration."
lethargy,a lack of energy and enthusiasm,"A condition marked by drowsiness and an unusual lack of energy and mental alertness. It can be caused by many things, including illness, injury, or drugs."
patches_in_throat,infection in throat,Patches in throat is a signs of infection.  These patches are irritating and sometimes the pain is worse with swallowing or on coming into contact with acidic foods.
irregular_sugar_level,an abnormality in blood sugar stability,It is defined as a disease in which the body has an impaired ability to either produce or respond to the hormone insulin.
cough,expel air from the lungs with a sudden sharp sound.,"A cough is a forceful expulsion of air from the lungs that helps to clear secretions, foreign bodies, and irritants from the airway."
high_fever,high temperature of body.,It is an extreme elevation of body temperature whichis classified as a core body temperature greater than or equal to 40.0 or 41.0 C (104.0 or 105.8 F).
sunken_eyes,tear trough hollows under eyes ,"The delicate skin under your eyes can sometimes appear dark, sunken, and hollow. While sunken eyes are result of aging, dehydration, or not getting enough sleep."
breathlessness,shortness of breath,"An automatic increase in the rate of respiration in response to a reduction in the levels of oxygen, and an increase in the levels of carbon dioxide, in the blood."
sweating,process of perspiring ,The act of secreting fluid from the skin by the sweat(sudoriferous) glands. These are small tubular glands situated within and under the skin.
dehydration,abnormal lack of water,Dehydration is the loss of water and salts essential for normal body function.it can upset the delicate fluid-salt balance needed to maintain healthy cells and tissues.
indigestion,discomfort in the stomach with difficulty in digesting food.,"A condition characterized by upper abdominal symptoms that may include pain, bloating, feeling of fullness with little food intake, nausea, loss of appetite,�and heartburn."
headache,a continuous pain in the head.,"A pain in the head with the pain being above the eyes or the ears, behind the head (occipital), or in the back of the upper neck."
yellowish_skin,sclera and mucous membranes turn yellow,"This is caused by a high level of bilirubin, a yellow-orange bile pigment. Bile is fluid secreted by the liver. Bilirubin is formed from the breakdown of red blood cells."
dark_urine,urine in dark colour,"Dark urine is most commonly due to dehydration. However, it may be an indicator that excess, unusual, or potentially dangerous waste products are circulating in the body."
nausea,a feeling of sickness with an inclination to vomit.,"An unpleasant sensation vaguely referred to the epigastrium and abdomen,with a tendency to vomit.Nausea may be a symptom of a variety of disorders,some minor."
loss_of_appetite,the desire to eat is reduce,"Loss of appetite means you don't have the same desire to eat as you used to. Signs of this  include not wanting to eat, unintentional weight loss, and not feeling hungry."
pain_behind_the_eyes,the pain behind eyes,Pain behind your eye can feel like an intense pain. Some people describe it as feeling like eye is being stabbed with an ice pick.
back_pain,pain at the backbone,"Back pain  debilitating suffering associated with an injury or some other affliction of the back, the rare portion of the body that extends from the shoulders to the hips."
constipation,difficulty in emptying the bowels,Infrequent and frequently incomplete bowel movements.Constipation is the opposite of diarrhea and is commonly caused by irritable bowel syndrome (IBS).
abdominal_pain,pain in the belly,Abdominal pain is pain that occurs between the chest and pelvic regions.Abdominal pain can be crampy, achy, dull, intermittent or sharp.
diarrhoea,condition in which faeces are discharge frequently,Diarrhoea is defined as the passage of three or more loose or liquid stools per day (or more frequent passage than is normal for the individual).
mild_fever,low grade temperature,A temperature above normal but below 100.4 F (38 C) is sometimes considered a low-grade or mild fever.
yellow_urine,a condition in which urine is yellow,The yellow color darkens as the concentration of the urine increases. Concentration refers the proportion of waste products to water.
yellowing_of_eyes,a condition in which eyes turn yellow,It is often the result of a medical condition that causes a yellow-pigmented compound called bilirubin to build up in the blood.
acute_liver_failure, loss of liver function,It is loss of liver function that occurs rapidly in days or weeks usually in a person who has no preexisting liver disease. It's most commonly caused by a hepatitis virus or drugs.
fluid_overload,too much fluid in the body,The increased level of fluid results in an excessive volume of fluid flowing around the circulatory system. This can overwork the heart and lead to heart failure.
swelling_of_stomach,abnormal enlargement of stomatch,A swollen abdomen occurs when your stomach area is larger than normal. This is sometimes known as a distended abdomen or swollen belly.
swelled_lymph_nodes,result of infection from bacteria or viruses,"Swollenlymph nodes are a sign that your body is fighting off an infection or an illness. Lymph nodes are round, bean-shaped glands, and you have them throughout your body."
malaise,feeling of discomfort,"Malaise is a general feeling of discomfort, illness, or fatigue that has no clearly identifiable cause."
blurred_and_distorted_vision,unclear to sight ,Blurred vision is a symptom where vision becomes less precise and there is added difficulty to resolve fine details.
phlegm,Abnormal amounts of mucus,"Phlegm is mucus produced by the respiratory system, excluding that produced by the nasal passages. It often refers to respiratory mucus expelled by coughing."
throat_irritation,"dry cough, a scratchy feeling at the back of the throat,","Sore throat is pain, scratchiness or irritation of the throat that often worsens when you swallow. The most common cause of a sore throat is a viral infection."
redness_of_eyes, bloodshot eyes,A red eye is an eye that appears red due to illness or injury. Eye rednesscan also occurs when the vessels in your eye become swollen or irritated.
sinus_pressure,swelling of four paired cavities (spaces) in the head. ,Sinus pressure occurs when membranes around nasal passages become inflamed or swollen. Sinus congestion and pain can make sufferers uncomfortable.
runny_nose,drainage may run out of your nose,"A runny nose is excess nasal drainage. It may be a thin clear fluid, thick mucus or something in between."
congestion,an excessive accumulation especially of blood or mucus,Congestion is a general term that refers to a feeling of stuffiness in the nasal or breathing passageways
chest_pain,discomfort in chest,Chest pain is discomfort or pain that you feel anywhere along the front of your body between your neck and upper abdomen.
weakness_in_limbs,defect in arms or legs,"Leg weakness can occur as part of a generalized feeling of weakness in body, it may develop in one or both legs. True weakness occurs when the muscles lose their strength."
fast_heart_rate,speedy heart beat,"A heart rate that's too fast. Generally speaking, for adults, a heart rate of more than 100 beats per minute (BPM) is considered too fast."
pain_during_bowel_movements,pain in the sigmoid colon,"Pain when you poop isn't something you ""just have to live with."" It's a symptom of another health issue, and you can treat most of them easily."
pain_in_anal_region, pain in and around your anus or rectum,Rectal pain is pain or discomfort in the lower portion of the gastrointestinal tract. The term is often used interchangeably with pain in the anus or anal pain. 
bloody_stool,blood in poop,"It is a sign that there is bleeding somewhere along the digestive tract. The blood can range in color from bright red to maroon, and it can even appear tarry and black."
irritation_in_anus,itching around the anus,"The itch, situated in or around your anus, is often intense and may be accompanied by a strong urge to scratch. You may find anal itching to be uncomfortable."
neck_pain,discomfort in the neck area,"Neck pain can result from disorders of any of the structures in the neck, including the cervical vertebrae and intervertebral discs, nerves, muscles and blood vessels."
dizziness,"feeling of being lightheaded, woozy, or unbalanced",Dizziness that creates the false sense that you or your surroundings are spinning or moving is called vertigo. 
cramps,painful muscle spasm,A muscle cramp is a sudden and involuntary contraction of one or more of your muscles.
bruising,marks on the skin,Injury of the soft tissues that results in breakage of the local capillaries and leakage of red blood cells. Seen as a reddish-purple discoloration that does not blanch when pressed.
obesity,state of being grossly fat or overweight,"Obesity is a chronic, multifactorial, neurobehavioral disease, wherein an increase in body fat promotes adipose tissue dysfunction and abnormal fat mass physical forces."
swollen_legs,legs become larger or rounder in size,Leg swelling caused by excess fluid trapped in your leg's tissues. Although it can affect any part of your legs.
swollen_blood_vessels,increase in size of blood vessels,"Swollen veins are swollen, and twisting veins, often appearing blue or dark purple.They happen when faulty valves in the veins allow blood to flow in the wrong direction or to pool."
puffy_face_and_eyes,increase in intensity of face and  vessels,Face swelling is the enlargement or distention of the face due to fluid buildup or inflammation in the facial tissues. Swelling can occur anywhere on the face.
enlarged_thyroid,enlargement of your thyroid gland,Thyroid gland located at the base of your neck just below your Adam's apple. A large gland can cause a cough and make it difficult for you to swallow or breathe.
brittle_nails,Brittleness of the nails,"The nails easily become cracked, chipped, split, or peeled, can be observed as a sign of aging or in response to the long-term use of nail polish or exposure to moist conditions."
swollen_extremeties,"swelling of hands, arms and legs","Swelling caused by excess fluid trapped in your body's tissues. It can affect any part of your body, you may notice it more in your hands, arms, feet, ankles and legs."
excessive_hunger,increased food intake,Excessive hunger is the need for increased food intake above your usual caloric needs. It may be caused by disorders in the systems that regulate appetite and blood sugar.
extra_marital_contacts,extra merital affairs,"A prolonged sexual liaison, usually understood to mean one in which one or both partners are committing adultery."
drying_and_tingling_lips,chapped lips,"Tingling lips can also be caused by nerve damage from extreme heat or cold or from toxic substances or allergic reactions to food or facial products, and cold sores. "
slurred_speech,poor pronunciation of words,"Slurred speech is a symptom characterized by poor pronunciation of words, mumbling, or a change in speed or rhythm during talking."
knee_pain,discomfort in knee ,"Knee pain may be the result of an injury, such as a ruptured ligament or torn cartilage."
hip_joint_pain,discomfort in hip joint,"Hip pain on the outside of your hip, upper thigh or outer buttock is usually caused by problems with muscles, ligaments, tendons and other soft tissues that surround your hip joint."
muscle_weakness,fault in mussels,"It is a decrease in strength in one or more muscles. It is a common symptom of muscular, neurological and metabolic disorders. "
stiff_neck,hardening of neck,"A stiff neck is typically characterized by soreness and difficulty moving the neck, especially when trying to turn the head to the side."
swelling_joints,increase in joint intensity,Joint swelling is the buildup of fluid in the soft tissue surrounding the joint.
movement_stiffness,difficulty in movement,Joint stiffness is the sensation of difficulty moving a joint or the apparent loss of range of motion of a joint.
spinning_movements,dizziness," Dizziness describes any lack of stableness, not necessarily a true spinning sensation."
loss_of_balance,difficulty in maintaining body balance,A loss of balance often occurs due to a problem with the signals the ear sends to the brain. These usually control our sense of balance and spatial awareness.
unsteadiness,loss of body balance,"Loss of one's equilibrium in regard to the environment, often with a feeling of almost falling, or the result of bumping into things."
weakness_of_one_body_side,dumbness of half body,"One side of the body may become completely weak. in its most severe form, complete paralysis of half of the body. "
loss_of_smell,unable to smell,It is a condition that damage nerve pathways that carry sensation from the nose to the brain.
bladder_discomfort,pain in urinary bladder,"In this symptoms inflammation stiffens the bladder wall, and makes it difficult for the bladder to fully expand when filling with urine."
foul_smell_of_urine,bad smell urination,"Smelly urine can also be a sign of an infection, however, so if the smell does not go away on its own, or if additional symptoms develop, see a doctor."
continuous_feel_of_urine,sensation of urination,"Frequent urination means having an urge to pass urine more often than usual. It can disrupt one�s normal routine, interrupt the sleep cycle."
passage_of_gases,farting,"The process by which oxygen is extracted from inhaled air into the bloodstream, and, at the same time, carbon dioxide is eliminated from the blood and exhaled."
internal_itching,frequently provokes scratching,"Itchy skin is an uncomfortable, irritating sensation that makes you want to scratch."
toxic_look_(typhos),"onset of headache, chills, fever","Series of acute infectious diseases that appear with a sudden onset of headache, chills, fever, and general pains, proceed on the third to fifth day with a rash."
depression,"misery, sadness, sorrowness ","Depression is a mood disorder that causes a persistent feeling of sadness and loss of interest. It affects how you feel, think and behave and can lead to a variety of emotional and physical problems."
irritability,quality of being easily annoyed or aggravated,Irritability is the excitatory ability that living organisms have to respond to changes in their environment.
muscle_pain,discomfort in musles,"Muscle pain may arise due to injury or overexertion, infections of the soft tissues, or inflammatory conditions. A number of conditions can be associated with generalized aches and pain."
altered_sensorium,unable to concentrate,"A clouded sensorium, also known as an altered sensorium, is a medical condition characterized by the inability to think clearly or concentrate. "
red_spots_over_body,redness of body,"Red spots on the skin that occur singly can be a small benign tumor of blood vessels, known as a hemangioma. "
belly_pain,abdominal pain,"Belly pain is pain that occurs between the chest and pelvic regions. Abdominal pain can be crampy, achy, dull, intermittent or sharp. "
abnormal_menstruation,abnormal period ,"The absence of a period for 90 days or more is considered abnormal unless a woman is pregnant, breastfeeding, or going through menopause."
dischromic_patches,different color of nails,A transdermal patch is a medicated adhesive patch that is placed on the skin to deliver a specific dose of medication through the skin.
watering_from_eyes,tearing,"Watering from eyes is a condition in which there is an overflow of tears onto the face, often without a clear explanation. There is insufficient tear film drainage from the eye or eyes."
increased_appetite,excess desire for food,"Appetite is significantly increased over a prolonged period of time, Mental health conditions, such as depression and stress, can also lead to appetite changes and overeating."
polyuria,excessive urination,"Polyuria is a medical term that describes excessive urination. Outside of drinking an unusually excessive amount of water, excessive urination could indicate underlying medical conditions."
family_history,diseases present in family,"In medicine, a family history consists of information about disorders from which the direct blood relatives of the patient have suffered."
mucoid_sputum,phelgm,Sputum is produced when a person's lungs are diseased or damaged. Sputum is not saliva but the thick mucus  sometimes called phlegm.
rusty_sputum,phelgm in red color,"A descriptor for the sputum produced in pneumonia caused by S pneumoniae and K pneumoniae; which is composed of bacteria, hemorrhage, mucus, sloughed necrotic lung tissue."
lack_of_concentration,Unable to focus on a task,"Concentration difficulty is a decreased ability to focus your thoughts on something. Concentration difficulties can be related to difficulty staying awake, impulsiveness."
visual_disturbances,vision impairment or vision loss,"Vision loss, is a decreased ability to see to a degree that causes problems not fixable by usual means, such as glasses."
receiving_blood_transfusion,blood intake in body,Blood transfusion may be done as a lifesaving maneuver to replace blood cells or blood products lost through bleeding or due to depression of the bone marrow.
receiving_unsterile_injections,Used injections,"Through contaminated needles and syringes, place injection recipient, healthcare workers and the community at large at risk of infection with blood borne viruses."
coma,persistent vegetative state,"A coma, sometimes also called persistent vegetative state, is a profound or deep state of unconsciousness. Persistent vegetative state is not brain-death."
stomach_bleeding,blood ejection from stomach,"Stomach bleeding is a symptom of a disorder in your digestive tract. The blood often appears in stool or vomit but isn't always visible, though it may cause the stool to look black or tarry."
distension_of_abdomen,increased pressure with swelling in abdomen,"Abdominal distension occurs when substances, such as air (gas) or fluid, accumulate in the abdomen causing its expansion."
history_of_alcohol_consumption,record of alcohol intake,"Strong alcoholic drink, when taken into an empty stomach, may cause a spasm of the pylorus that will impede passage into the small intestine, resulting in a slower overall rate of absorption."
fluid_overload,too much fluid in the body,The increased level of fluid results in an excessive volume of fluid flowing around the circulatory system. This can overwork the heart and lead to heart failure.
blood_in_sputum,Coughed up blood,"Bloody sputum can be caused by infection in the lungs and airways, such as acute bronchitis or pneumonia, or cancer."
prominent_veins_on_calf,swollen veins,"This happen when the valves in the veins do not work properly, so the blood does not flow effectively."
palpitations,racing of blood in veins,"Heart palpitations describe the experience of feeling as though the heart is pounding or racing, that the heartbeat is irregular or rapid or that the heart is skipping beats. Palpitations can be felt in the chest, throat and neck."
painful_walking,pain during walking,"Abnormal gait or a walking abnormality is when a person is unable to walk in the usual way. This may be due to injuries, underlying conditions, or problems with the legs and feet."
pus_filled_pimples,fluid-filled bumps,"Pimple pus is made from sebum (oil) that gets trapped in your pores, along with a combination of dead skin cells, debris (such as makeup), and bacteria."
blackheads,a plug of sebum in a hair follicle,"A familiar term for what is medically called an open comedo. A comedo, the primary sign of acne, consists of a widened hair follicle filled with skin debris, bacteria, and oil called sebum."
scurrying,lack of vitamin C,"a disease caused by a lack of vitamin C and characterized by spongy gums, loosening of the teeth, and bleeding into the skin and mucous membranes called also scorbutus."
skin_peeling,removal of dead skin cell,"Peeling skin is unintended damage to and loss of the upper layer of your skin(epidermis).Peeling skin may occur because of direct damage to the skin, such as from sunburn or infection."
silver_like_dusting,exposure to chemicals,"It is a condition caused by excessive exposure to chemical compounds of the element silver, or to silver dust. The most dramatic symptom of argyria is that the skin turns blue or blue-grey."
small_dents_in_nails,nails become deshapped ,"Nail pitting is when you have tiny dents in your fingernails or toenails. It can be a sign of psoriasis, eczema, or joint inflammation."
inflammatory_nails,peeling of skin around nails,"Inflammation of the folds of tissue surrounding the nail due to infection or inflammation. The infection may be bacterial (most commonly, staph or strep) or fungal pathogens."
blister,wounds on skins,"A collection of fluid underneath the top layer of skin (epidermis). There are many causes of blisters, including burns, friction forces, and diseases of the skin. Also known as bleb and bulla."
red_sore_around_nose,redness of nose,"Most people have experienced a red nose after a cold, flu, or an allergic reaction. In these cases, the redness is usually due to the dry skin that results from persistent wiping."
yellow_crust_ooze,a bacterial infection,"Yellowish crusting can form on a scab when pus builds up. Pus is usually a sign of infection, and it can indicate either a bacterial infection, such as impetigo, or a viral infection, such as herpes."
